{
  "model": "krr",
  "best_params": {
    "lambda": 1e-06
  },
  "val_scores_grid_mse": {
    "1e-06": 0.007006758181509634,
    "3e-06": 0.0070067674395514895,
    "1e-05": 0.007006799832731679,
    "3e-05": 0.007006892299327345,
    "0.0001": 0.007007214939191892,
    "0.0003": 0.00700812831832039,
    "0.001": 0.007011229022268423,
    "0.003": 0.00701932286798075,
    "0.01": 0.007040570467736526,
    "0.03": 0.0070680346207959354,
    "0.1": 0.007076487067167151,
    "0.3": 0.007083532620396126,
    "1.0": 0.007143234293823724,
    "3.0": 0.007211992086451837,
    "10.0": 0.0072846591139439365
  },
  "val_mse": 0.007006758181509634,
  "val_mae": 0.0548738689733608,
  "val_r2": 0.0417802039722025,
  "test_mse": 0.0015944414409262172,
  "test_mae": 0.030382947156906575,
  "test_r2": 0.004839341257495966,
  "sizes": {
    "train": 1450,
    "val": 253,
    "test": 984
  }
}