{
  "load_graphs_sec": 5.457568645477295,
  "gram_sec": 2.358402729034424,
  "fit_sec": 0.8022778034210205,
  "total_sec": 9.580792665481567
}