{
  "model": "krr",
  "best_params": {
    "lambda": 1e-06
  },
  "val_scores_grid_mse": {
    "1e-06": 0.006516554601891549,
    "3e-06": 0.006549011085405823,
    "1e-05": 0.006593628668625509,
    "3e-05": 0.006617213281266281,
    "0.0001": 0.006620932598895781,
    "0.0003": 0.006624903627288868,
    "0.001": 0.006640443636554351,
    "0.003": 0.0066579608436954305,
    "0.01": 0.006680686326661836,
    "0.03": 0.006711657381177626,
    "0.1": 0.0067666287576423475,
    "0.3": 0.006861177179093395,
    "1.0": 0.00700852379248596,
    "3.0": 0.007133020610777927,
    "10.0": 0.0072341136995446595
  },
  "val_mse": 0.006516554601891549,
  "val_mae": 0.05048294381791351,
  "val_r2": 0.10881871616316341,
  "test_mse": 0.0019938089640326355,
  "test_mae": 0.03433888798881142,
  "test_r2": -0.24442351155425301,
  "sizes": {
    "train": 1450,
    "val": 253,
    "test": 984
  }
}