{
  "load_graphs_sec": 3.7790944576263428,
  "gram_sec": 1.5169451236724854,
  "fit_sec": 0.7598073482513428,
  "total_sec": 6.943089246749878
}