{
  "model": "mean",
  "best_params": {
    "ybar_train": 0.012467458794357898
  },
  "val_mse": 0.007332171644322048,
  "val_mae": 0.05564224428840186,
  "val_r2": -0.002722131807998629,
  "test_mse": 0.0016088046865723423,
  "test_mae": 0.03067918691637999,
  "test_r2": -0.004125436285594031,
  "sizes": {
    "train": 1450,
    "val": 253,
    "test": 984
  }
}