{
  "model": "mean",
  "best_params": {
    "ybar_train": 0.012467458883672181
  },
  "val_mse": 0.007332171788380726,
  "val_mae": 0.05564224241411228,
  "val_r2": -0.0027221320972854457,
  "test_mse": 0.001608804650665065,
  "test_mae": 0.0306791855285589,
  "test_r2": -0.0041254367862582075,
  "sizes": {
    "train": 1450,
    "val": 253,
    "test": 984
  }
}