{
  "model": "ridge",
  "best_params": {
    "lambda": 10.0
  },
  "val_scores_grid_mse": {
    "1e-06": 0.007736325583710718,
    "3e-06": 0.007736325579955783,
    "1e-05": 0.007736325566813503,
    "3e-05": 0.007736325529264138,
    "0.0001": 0.007736325397841378,
    "0.0003": 0.007736325022347967,
    "0.001": 0.007736323708123179,
    "0.003": 0.007736319953213686,
    "0.01": 0.0077363068112460175,
    "0.03": 0.007736269264614467,
    "0.1": 0.0077361378729547715,
    "0.3": 0.007735762652845395,
    "1.0": 0.007734451533082523,
    "3.0": 0.007730723823088986,
    "10.0": 0.007717887522055815
  },
  "val_mse": 0.007717887522055815,
  "val_mae": 0.06705223167710343,
  "val_r2": -0.055471354037100795,
  "test_mse": 0.0017211151665996332,
  "test_mae": 0.03432478669523118,
  "test_r2": -0.07422339082367246,
  "sizes": {
    "train": 1450,
    "val": 253,
    "test": 984
  },
  "features": [
    "mean60_eq",
    "std60_eq",
    "sum60_eq"
  ]
}