{
  "feature_sec": 0.3466317653656006,
  "fit_sec": 0.0004775524139404297,
  "total_sec": 0.3778841495513916
}