{
  "model": "ridge",
  "best_params": {
    "lambda": 10.0
  },
  "val_scores_grid_mse": {
    "1e-06": 0.007736320933712094,
    "3e-06": 0.007736320929957173,
    "1e-05": 0.007736320916814953,
    "3e-05": 0.007736320879265751,
    "0.0001": 0.007736320747843567,
    "0.0003": 0.007736320372351796,
    "0.001": 0.0077363190581327575,
    "0.003": 0.007736315303239697,
    "0.01": 0.00773630216132953,
    "0.03": 0.00773626461486226,
    "0.1": 0.00773613322377746,
    "0.3": 0.007735758005309901,
    "1.0": 0.007734446891284626,
    "3.0": 0.007730719197609589,
    "10.0": 0.007717882952833601
  },
  "val_mse": 0.007717882952833601,
  "val_mae": 0.06705219444646826,
  "val_r2": -0.0554707282752811,
  "test_mse": 0.0017211151228703546,
  "test_mae": 0.03432478573427432,
  "test_r2": -0.07422336543753172,
  "sizes": {
    "train": 1450,
    "val": 253,
    "test": 984
  },
  "features": [
    "mean60_eq",
    "std60_eq",
    "sum60_eq"
  ]
}