{
  "feature_sec": 0.40365123748779297,
  "fit_sec": 0.000514984130859375,
  "total_sec": 0.44141316413879395
}