{
  "model": "svr",
  "best_params": {
    "C": 100.0,
    "epsilon": 0.05
  },
  "val_scores_grid_mse": {
    "C=0.1,eps=0.001": 0.0071093720148815084,
    "C=0.1,eps=0.01": 0.007008083169208328,
    "C=0.1,eps=0.05": 0.006983190181712754,
    "C=1,eps=0.001": 0.007079902869361262,
    "C=1,eps=0.01": 0.0069895638961047345,
    "C=1,eps=0.05": 0.006830187931444023,
    "C=10,eps=0.001": 0.007067017031919245,
    "C=10,eps=0.01": 0.006996366497209829,
    "C=10,eps=0.05": 0.006780809429329891,
    "C=100,eps=0.001": 0.0070692389383786155,
    "C=100,eps=0.01": 0.0069912508794393825,
    "C=100,eps=0.05": 0.006777696223681487
  },
  "val_mse": 0.006777696223681487,
  "val_mae": 0.05614355560147075,
  "val_r2": 0.07310592568007235,
  "test_mse": 0.001602471816810193,
  "test_mae": 0.03192526847835018,
  "test_r2": -0.00017287753856165544,
  "sizes": {
    "train": 1450,
    "val": 253,
    "test": 984
  }
}