{
  "load_graphs_sec": 6.132896184921265,
  "gram_sec": 49.872244119644165,
  "fit_sec": 0.8669073581695557,
  "total_sec": 57.79579472541809
}