{
  "model": "svr",
  "best_params": {
    "C": 1.0,
    "epsilon": 0.05
  },
  "val_scores_grid_mse": {
    "C=0.1,eps=0.001": 0.007044914827849618,
    "C=0.1,eps=0.01": 0.0069759453268903905,
    "C=0.1,eps=0.05": 0.006926972308214695,
    "C=1,eps=0.001": 0.006987237999494168,
    "C=1,eps=0.01": 0.006971294582704942,
    "C=1,eps=0.05": 0.006777889885398111,
    "C=10,eps=0.001": 0.006988504873788566,
    "C=10,eps=0.01": 0.00697583860468118,
    "C=10,eps=0.05": 0.006808216371646637,
    "C=100,eps=0.001": 0.006989574509159141,
    "C=100,eps=0.01": 0.006984495264149995,
    "C=100,eps=0.05": 0.006802227743015559
  },
  "val_mse": 0.006777889885398111,
  "val_mae": 0.056169954701594194,
  "val_r2": 0.07307943342127166,
  "test_mse": 0.0016184082810232335,
  "test_mae": 0.03261347483597875,
  "test_r2": -0.010119412175974896,
  "sizes": {
    "train": 1450,
    "val": 253,
    "test": 984
  }
}