{
  "load_graphs_sec": 5.388699054718018,
  "gram_sec": 47.97796583175659,
  "fit_sec": 1.22965669631958,
  "total_sec": 55.681883573532104
}