{
  "selected_tau": "tau_0.55",
  "load_graphs_sec": 3.9527013301849365,
  "gram_sec": 20.667572498321533,
  "fit_sec": 0.9762225151062012,
  "tau_search_total_sec": 315.9331181049347,
  "total_sec": 317.0828504562378
}