{
  "model": "ridge",
  "best_params": {
    "lambda": 10.0
  },
  "val_scores_grid_mse": {
    "1e-06": 0.007736326704442752,
    "3e-06": 0.007736326700687811,
    "1e-05": 0.007736326687545516,
    "3e-05": 0.007736326649996108,
    "0.0001": 0.007736326518573196,
    "0.0003": 0.007736326143079349,
    "0.001": 0.007736324828853035,
    "0.003": 0.007736321073939192,
    "0.01": 0.007736307931956287,
    "0.03": 0.007736270385281206,
    "0.1": 0.007736138993469187,
    "0.3": 0.007735763772924838,
    "1.0": 0.007734452651642299,
    "3.0": 0.0077307249373302685,
    "10.0": 0.007717888621450587
  },
  "val_mse": 0.007717888621450587,
  "val_mae": 0.06705224052334065,
  "val_r2": -0.05547151322100641,
  "test_mse": 0.0017211153217681963,
  "test_mae": 0.03432478887244252,
  "test_r2": -0.07422336965081078,
  "sizes": {
    "train": 1450,
    "val": 253,
    "test": 984
  },
  "features": [
    "mean60_eq",
    "std60_eq",
    "sum60_eq"
  ]
}