{
  "feature_sec": 0.42191123962402344,
  "fit_sec": 0.0005457401275634766,
  "total_sec": 0.45973706245422363
}