tag,kernel,model,best_params_str,val_mse,test_mse,test_mae,test_r2,load_graphs_sec,gram_sec,fit_sec,total_sec,n_train,n_val,n_test,run_dir
tau_0.30,baseline,mean,,0.007332171644322048,0.0016088046865723423,0.03067918691637999,-0.004125436285594031,,,,0.010079145431518555,1450,253,984,results/fixed/tau_0.30/baseline/mean/run_0002
tau_0.30,baseline,ridge,lambda=10.0,0.007717883775718461,0.0017211152635158169,0.03432478778103624,-0.0742233841683324,,,0.00041556358337402344,0.37305378913879395,1450,253,984,results/fixed/tau_0.30/baseline/ridge/run_0002
tau_0.30,sp,krr,lambda=1.0,0.007205764601660906,0.0016106286472335482,0.03109047608508361,-0.0052638499848998155,6.024169921875,49.38973641395569,1.034162998199463,57.39654016494751,1450,253,984,results/fixed/tau_0.30/sp/krr/run_0002
tau_0.30,sp,svr,"C=100.0, eps=0.05",0.006774994210904984,0.001603569597710176,0.03195126767184029,-0.0008579881412724699,5.961313724517822,49.27065992355347,0.8727724552154541,57.07874011993408,1450,253,984,results/fixed/tau_0.30/sp/svr/run_0002
tau_0.30,wl,krr,lambda=1e-06,0.006799646295612726,0.0015709156794819592,0.03056038853844386,0.01952275177141427,5.973511219024658,2.5281951427459717,0.7327671051025391,10.149281740188599,1450,253,984,results/fixed/tau_0.30/wl/krr/run_0002
tau_0.30,wl,svr,"C=10.0, eps=0.01",0.0063103135032644975,0.001515916161623166,0.030023740696891635,0.05385035867509702,5.958157539367676,2.5288825035095215,0.28699469566345215,9.72752857208252,1450,253,984,results/fixed/tau_0.30/wl/svr/run_0002
