{
  "model": "mean",
  "best_params": {
    "ybar_train": 0.012467458758038973
  },
  "val_mse": 0.007332171597611845,
  "val_mae": 0.05564224223586462,
  "val_r2": -0.0027221318896151203,
  "test_mse": 0.0016088045774691627,
  "test_mae": 0.030679185205260813,
  "test_r2": -0.004125436222982781,
  "sizes": {
    "train": 1450,
    "val": 253,
    "test": 984
  }
}