{
  "model": "svr",
  "best_params": {
    "C": 100.0,
    "epsilon": 0.05
  },
  "val_scores_grid_mse": {
    "C=0.1,eps=0.001": 0.007118705434517106,
    "C=0.1,eps=0.01": 0.007073112571214705,
    "C=0.1,eps=0.05": 0.007045983910619493,
    "C=1,eps=0.001": 0.007116777522837609,
    "C=1,eps=0.01": 0.007050057775433842,
    "C=1,eps=0.05": 0.0069778722906124495,
    "C=10,eps=0.001": 0.007119806151849858,
    "C=10,eps=0.01": 0.007046050832178951,
    "C=10,eps=0.05": 0.006951963157213415,
    "C=100,eps=0.001": 0.007123565016917972,
    "C=100,eps=0.01": 0.007064247541623864,
    "C=100,eps=0.05": 0.006935270075734615
  },
  "val_mse": 0.006935270075734615,
  "val_mae": 0.056865810310082233,
  "val_r2": 0.051556686602768576,
  "test_mse": 0.0017168981420585404,
  "test_mae": 0.034035512533313675,
  "test_r2": -0.07159130303526662,
  "sizes": {
    "train": 1450,
    "val": 253,
    "test": 984
  }
}