{
  "load_graphs_sec": 6.525929689407349,
  "gram_sec": 53.770397663116455,
  "fit_sec": 0.8196182250976562,
  "total_sec": 61.949764251708984
}