{
  "model": "svr",
  "best_params": {
    "C": 0.1,
    "epsilon": 0.05
  },
  "val_scores_grid_mse": {
    "C=0.1,eps=0.001": 0.006964051845140936,
    "C=0.1,eps=0.01": 0.007105088367413656,
    "C=0.1,eps=0.05": 0.006923207358196942,
    "C=1,eps=0.001": 0.007205101258475599,
    "C=1,eps=0.01": 0.0073660214341167195,
    "C=1,eps=0.05": 0.007443533559725331,
    "C=10,eps=0.001": 0.00786565340919247,
    "C=10,eps=0.01": 0.008121929095348552,
    "C=10,eps=0.05": 0.007732660843147527,
    "C=100,eps=0.001": 0.00820536023399293,
    "C=100,eps=0.01": 0.008187634741595456,
    "C=100,eps=0.05": 0.007732660843147527
  },
  "val_mse": 0.006923207358196942,
  "val_mae": 0.05712760424152386,
  "val_r2": 0.053206303227217866,
  "test_mse": 0.0017797062026815396,
  "test_mae": 0.03451719364747823,
  "test_r2": -0.11079259960614518,
  "sizes": {
    "train": 1450,
    "val": 253,
    "test": 984
  }
}