{
  "load_graphs_sec": 3.702761650085449,
  "gram_sec": 1.5176875591278076,
  "fit_sec": 0.31969356536865234,
  "total_sec": 6.441305875778198
}