tag,kernel,model,best_params_str,selected_tau,val_mse,test_mse,test_mae,test_r2,n_support_vectors,frac_support_vectors,load_graphs_sec,gram_sec,fit_sec,total_sec,tau_search_total_sec,mean_infer_sec,median_infer_sec,p95_infer_sec,n_train,n_val,n_test,run_dir
internal_tau,baseline,mean,,,0.007332171788380726,0.001608804650665065,0.0306791855285589,-0.0041254367862582075,,,,,,0.010549545288085938,,,,,1450,253,984,results_final/fixed/internal_tau/baseline/mean/run_0001
internal_tau,baseline,ridge,lambda=10.0,,0.0077178860362745235,0.0017211152172656218,0.034324786349091106,-0.07422337981301208,,,,,0.0004482269287109375,0.38733911514282227,,,,,1450,253,984,results_final/fixed/internal_tau/baseline/ridge/run_0001
internal_tau,sp,krr,lambda=1e-06,tau_0.55,0.0069009531318193216,0.001746715864000037,0.0322163559942567,-0.09020186456787571,,,3.9527013301849365,20.667572498321533,0.9762225151062012,317.0828504562378,315.9331181049347,,,,1450,253,984,results_final/fixed/internal_tau/sp/krr/run_0001
internal_tau,sp,svr,"C=10.0, eps=0.05",tau_0.50,0.006647893193986131,0.0016744131241693925,0.032714640346004416,-0.04507455828909501,202.0,0.1393103448275862,3.9816083908081055,27.0425808429718,1.0551762580871582,313.99469447135925,313.0575568675995,,,,1450,253,984,results_final/fixed/internal_tau/sp/svr/run_0001
internal_tau,wl,krr,lambda=0.0003,tau_0.45,0.006465919291839862,0.0014789844721856851,0.02937450333946581,0.07690102181167613,,,4.486674547195435,1.9329962730407715,0.759488582611084,57.52254676818848,56.810840368270874,,,,1450,253,984,results_final/fixed/internal_tau/wl/krr/run_0001
internal_tau,wl,svr,"C=10.0, eps=0.05",tau_0.45,0.00616214204076459,0.0015682773758137329,0.03156471371407722,0.021169410257494192,203.0,0.14,4.425155878067017,1.913743019104004,0.27443408966064453,52.97485828399658,52.093056440353394,,,,1450,253,984,results_final/fixed/internal_tau/wl/svr/run_0001
