{
  "model": "svr",
  "best_params": {
    "C": 0.1,
    "epsilon": 0.05
  },
  "val_scores_grid_mse": {
    "C=0.1,eps=0.001": 0.007255135613636075,
    "C=0.1,eps=0.01": 0.007223910160263079,
    "C=0.1,eps=0.05": 0.007162023652384887,
    "C=1,eps=0.001": 0.007261390650144443,
    "C=1,eps=0.01": 0.0072759582989691245,
    "C=1,eps=0.05": 0.007305376970565948,
    "C=10,eps=0.001": 0.007307867611913661,
    "C=10,eps=0.01": 0.007328592671055157,
    "C=10,eps=0.05": 0.007522419877246285,
    "C=100,eps=0.001": 0.007296054512685025,
    "C=100,eps=0.01": 0.0072853845990446375,
    "C=100,eps=0.05": 0.007560457989403759
  },
  "val_mse": 0.007162023652384887,
  "val_mae": 0.0572993844480255,
  "val_r2": 0.02054661959719184,
  "test_mse": 0.00190853906574561,
  "test_mae": 0.035663740731542,
  "test_r2": -0.1912028328581381,
  "sizes": {
    "train": 1450,
    "val": 253,
    "test": 984
  }
}