{
  "load_graphs_sec": 3.986001491546631,
  "gram_sec": 21.367517709732056,
  "fit_sec": 1.2383418083190918,
  "total_sec": 27.505415201187134
}