{
  "model": "krr",
  "best_params": {
    "lambda": 1e-06
  },
  "val_scores_grid_mse": {
    "1e-06": 0.006901944800346461,
    "3e-06": 0.006901950271718657,
    "1e-05": 0.006901964474529951,
    "3e-05": 0.006901992985335493,
    "0.0001": 0.0069020418034302115,
    "0.0003": 0.00690209584951601,
    "0.001": 0.006902189665046236,
    "0.003": 0.006902348658805479,
    "0.01": 0.0069025514338489965,
    "0.03": 0.006902644568461779,
    "0.1": 0.0069027513113763764,
    "0.3": 0.006903506734000395,
    "1.0": 0.006908238275297868,
    "3.0": 0.006925427524075419,
    "10.0": 0.006980004620833268
  },
  "val_mse": 0.006901944800346461,
  "val_mae": 0.05214497098871161,
  "val_r2": 0.05611415367948236,
  "test_mse": 0.001763546669895682,
  "test_mae": 0.03196971333345731,
  "test_r2": -0.10070678223710239,
  "sizes": {
    "train": 1450,
    "val": 253,
    "test": 984
  }
}