{
  "load_graphs_sec": 3.9465198516845703,
  "gram_sec": 26.498804330825806,
  "fit_sec": 0.7509074211120605,
  "total_sec": 32.18552231788635
}