tag,kernel,model,best_params_str,val_mse,test_mse,test_mae,test_r2,load_graphs_sec,gram_sec,fit_sec,total_sec,n_train,n_val,n_test,run_dir
tau_0.40,baseline,mean,,0.007332171597611845,0.0016088045774691627,0.030679185205260813,-0.004125436222982781,,,,0.010250568389892578,1450,253,984,results/fixed/tau_0.40/baseline/mean/run_0001
tau_0.40,baseline,ridge,lambda=10.0,0.0077178878529847875,0.0017211151652365944,0.03432478676637163,-0.07422339561084002,,,0.00041604042053222656,0.382965087890625,1450,253,984,results/fixed/tau_0.40/baseline/ridge/run_0001
tau_0.40,sp,krr,lambda=3e-05,0.007042784325872079,0.0016457374298446937,0.0308034454956506,-0.027176847825054695,4.830043315887451,39.33308982849121,0.7500646114349365,45.791895151138306,1450,253,984,results/fixed/tau_0.40/sp/krr/run_0001
tau_0.40,sp,svr,"C=100.0, eps=0.05",0.00664876246350712,0.001619105896934103,0.03289269595794933,-0.010554941115166416,4.875892162322998,39.45950937271118,1.0849735736846924,46.37427115440369,1450,253,984,results/fixed/tau_0.40/sp/svr/run_0001
tau_0.40,wl,krr,lambda=0.1,0.006891916017303443,0.0014332695668057662,0.02863855213029674,0.10543365605164579,5.064462184906006,2.120112895965576,0.5025908946990967,8.601477146148682,1450,253,984,results/fixed/tau_0.40/wl/krr/run_0001
tau_0.40,wl,svr,"C=10.0, eps=0.05",0.006604211482115227,0.0014145711697889649,0.029524145941980346,0.11710414501227662,4.883786916732788,2.1238391399383545,0.26251721382141113,8.111549139022827,1450,253,984,results/fixed/tau_0.40/wl/svr/run_0001
