{
  "model": "svr",
  "best_params": {
    "C": 10.0,
    "epsilon": 0.05
  },
  "val_scores_grid_mse": {
    "C=0.1,eps=0.001": 0.006889440053156908,
    "C=0.1,eps=0.01": 0.0068744855383742936,
    "C=0.1,eps=0.05": 0.006934184635704626,
    "C=1,eps=0.001": 0.006809621783149083,
    "C=1,eps=0.01": 0.006736299607749073,
    "C=1,eps=0.05": 0.006610433561809497,
    "C=10,eps=0.001": 0.006667720558680046,
    "C=10,eps=0.01": 0.006638507568908683,
    "C=10,eps=0.05": 0.006604527553131061,
    "C=100,eps=0.001": 0.006667720558680046,
    "C=100,eps=0.01": 0.006638507568908683,
    "C=100,eps=0.05": 0.006604527553131061
  },
  "val_mse": 0.006604527553131061,
  "val_mae": 0.0545575947030942,
  "val_r2": 0.0967878692876446,
  "test_mse": 0.0014140692276759829,
  "test_mae": 0.029519447529796877,
  "test_r2": 0.11741743214572387,
  "sizes": {
    "train": 1450,
    "val": 253,
    "test": 984
  }
}