{
  "load_graphs_sec": 6.308169364929199,
  "gram_sec": 2.690737009048462,
  "fit_sec": 0.32677602767944336,
  "total_sec": 10.493212223052979
}