{
  "model": "svr",
  "best_params": {
    "C": 10.0,
    "epsilon": 0.05
  },
  "val_scores_grid_mse": {
    "C=0.1,eps=0.001": 0.006707832846035551,
    "C=0.1,eps=0.01": 0.006603935340649191,
    "C=0.1,eps=0.05": 0.006715596171165944,
    "C=1,eps=0.001": 0.007331520119578452,
    "C=1,eps=0.01": 0.006797204986193745,
    "C=1,eps=0.05": 0.006577697712752008,
    "C=10,eps=0.001": 0.007012123841803367,
    "C=10,eps=0.01": 0.006693798651908502,
    "C=10,eps=0.05": 0.006577062105554249,
    "C=100,eps=0.001": 0.006936463140877265,
    "C=100,eps=0.01": 0.006693798651908502,
    "C=100,eps=0.05": 0.006577062105554249
  },
  "val_mse": 0.006577062105554249,
  "val_mae": 0.056319379008299635,
  "val_r2": 0.10054397550015404,
  "test_mse": 0.0016125295156573585,
  "test_mae": 0.032043813093103356,
  "test_r2": -0.006450285048156923,
  "sizes": {
    "train": 1450,
    "val": 253,
    "test": 984
  }
}