{
  "load_graphs_sec": 4.007706165313721,
  "gram_sec": 1.7111337184906006,
  "fit_sec": 0.2899038791656494,
  "total_sec": 6.9596898555755615
}