{
  "model": "krr",
  "best_params": {
    "lambda": 0.1
  },
  "val_scores_grid_mse": {
    "1e-06": 0.007244129402864433,
    "3e-06": 0.007244131966841265,
    "1e-05": 0.007244140396456114,
    "3e-05": 0.007244159427855734,
    "0.0001": 0.007244186377743138,
    "0.0003": 0.00724412154421779,
    "0.001": 0.007243599233444555,
    "0.003": 0.007242063193365325,
    "0.01": 0.007238255998060653,
    "0.03": 0.007233496299125122,
    "0.1": 0.0072305312909283995,
    "0.3": 0.0072327705597494815,
    "1.0": 0.00724413697456988,
    "3.0": 0.007265183286011069,
    "10.0": 0.00729241271491013
  },
  "val_mse": 0.0072305312909283995,
  "val_mae": 0.055154940785873074,
  "val_r2": 0.011177794043718214,
  "test_mse": 0.0016096593814566881,
  "test_mae": 0.0310803983618903,
  "test_r2": -0.004658897207485246,
  "sizes": {
    "train": 1450,
    "val": 253,
    "test": 984
  }
}