{
  "load_graphs_sec": 6.403860569000244,
  "gram_sec": 53.47093653678894,
  "fit_sec": 1.0199370384216309,
  "total_sec": 61.793707609176636
}