{
  "model": "svr",
  "best_params": {
    "C": 1.0,
    "epsilon": 0.05
  },
  "val_scores_grid_mse": {
    "C=0.1,eps=0.001": 0.007009336114819939,
    "C=0.1,eps=0.01": 0.007047830407028998,
    "C=0.1,eps=0.05": 0.006696129767776066,
    "C=1,eps=0.001": 0.007035855685500028,
    "C=1,eps=0.01": 0.007071227326568885,
    "C=1,eps=0.05": 0.006648849744946495,
    "C=10,eps=0.001": 0.007033829527702069,
    "C=10,eps=0.01": 0.007072963686269207,
    "C=10,eps=0.05": 0.006649988130637803,
    "C=100,eps=0.001": 0.00701840678647032,
    "C=100,eps=0.01": 0.007067328855736177,
    "C=100,eps=0.05": 0.006648967057179875
  },
  "val_mse": 0.006648849744946495,
  "val_mae": 0.05328499911619073,
  "val_r2": 0.09072654885894138,
  "test_mse": 0.0016651949454886581,
  "test_mae": 0.032570916814956226,
  "test_r2": -0.039321086079223466,
  "sizes": {
    "train": 1450,
    "val": 253,
    "test": 984
  }
}