{
  "load_graphs_sec": 4.148721933364868,
  "gram_sec": 28.119840621948242,
  "fit_sec": 1.0231523513793945,
  "total_sec": 34.268487215042114
}