{
  "model": "krr",
  "best_params": {
    "lambda": 1.0
  },
  "val_scores_grid_mse": {
    "1e-06": 0.007216307956669438,
    "3e-06": 0.0072162368530231105,
    "1e-05": 0.007216199598528064,
    "3e-05": 0.00721619218711433,
    "0.0001": 0.007216189395607849,
    "0.0003": 0.007216176700717925,
    "0.001": 0.007216136191447356,
    "0.003": 0.0072160398575925435,
    "0.01": 0.007215741161149428,
    "0.03": 0.0072149897490359025,
    "0.1": 0.007212880658339433,
    "0.3": 0.0072091307492521866,
    "1.0": 0.007205764601660906,
    "3.0": 0.007211112957667952,
    "10.0": 0.0072350812492231326
  },
  "val_mse": 0.007205764601660906,
  "val_mae": 0.055011392772871266,
  "val_r2": 0.01456485292740095,
  "test_mse": 0.0016106286472335482,
  "test_mae": 0.03109047608508361,
  "test_r2": -0.0052638499848998155,
  "sizes": {
    "train": 1450,
    "val": 253,
    "test": 984
  }
}