{
  "load_graphs_sec": 6.024169921875,
  "gram_sec": 49.38973641395569,
  "fit_sec": 1.034162998199463,
  "total_sec": 57.39654016494751
}