{
  "model": "ridge",
  "best_params": {
    "lambda": 10.0
  },
  "val_scores_grid_mse": {
    "1e-06": 0.00773632399007684,
    "3e-06": 0.007736323986321911,
    "1e-05": 0.007736323973179658,
    "3e-05": 0.007736323935630367,
    "0.0001": 0.007736323804207866,
    "0.0003": 0.007736323428715195,
    "0.001": 0.007736322114492997,
    "0.003": 0.007736318359590915,
    "0.01": 0.007736305217649174,
    "0.03": 0.007736267671091697,
    "0.1": 0.007736136279691212,
    "0.3": 0.007735761060322037,
    "1.0": 0.007734449943145149,
    "3.0": 0.0077307222405,
    "10.0": 0.007717885964726107
  },
  "val_mse": 0.007717885964726107,
  "val_mae": 0.0670522162620542,
  "val_r2": -0.05547112900739504,
  "test_mse": 0.0017211152718072148,
  "test_mae": 0.03432478744768249,
  "test_r2": -0.07422339835399794,
  "sizes": {
    "train": 1450,
    "val": 253,
    "test": 984
  },
  "features": [
    "mean60_eq",
    "std60_eq",
    "sum60_eq"
  ]
}