{
  "feature_sec": 0.34567928314208984,
  "fit_sec": 0.0004260540008544922,
  "total_sec": 0.3770735263824463
}