{
  "model": "mean",
  "best_params": {
    "ybar_train": 0.012467458713323321
  },
  "val_mse": 0.007332171171876251,
  "val_mae": 0.0556422407126767,
  "val_r2": -0.0027221325390101025,
  "test_mse": 0.0016088045859661332,
  "test_mae": 0.030679185093114323,
  "test_r2": -0.004125436256313231,
  "sizes": {
    "train": 1450,
    "val": 253,
    "test": 984
  }
}