{
  "best_lambda": 3e-05,
  "val_mse": 0.007042769460399847,
  "val_mae": 0.054034982143812534,
  "val_r2": 0.03685550279168037,
  "test_mse": 0.0016457501825602376,
  "test_mae": 0.030803777959665584,
  "test_r2": -0.02718475637319484,
  "val_scores_by_lambda_mse": {
    "1e-06": 0.007042928859844702,
    "3e-06": 0.007042868845572,
    "1e-05": 0.007042787846845405,
    "3e-05": 0.007042769460399847,
    "0.0001": 0.007042899969533628,
    "0.0003": 0.007043278693352352,
    "0.001": 0.007044265975223685,
    "0.003": 0.007046199229479303,
    "0.01": 0.00705029576724282,
    "0.03": 0.007056055994939473,
    "0.1": 0.007062148521202918,
    "0.3": 0.007065839942072332,
    "1.0": 0.0070718301431891735,
    "3.0": 0.0070865224128544065,
    "10.0": 0.0071248980271437735
  },
  "sizes": {
    "train": 1450,
    "val": 253,
    "test": 984
  }
}