{
  "load_graphs_sec": 4.99363112449646,
  "gram_sec": 39.25737190246582,
  "total_sec": 45.339287996292114
}