{
  "model": "krr",
  "best_params": {
    "lambda": 3.0
  },
  "val_scores_grid_mse": {
    "1e-06": 0.007284777783966988,
    "3e-06": 0.007284781230231385,
    "1e-05": 0.00728479328988142,
    "3e-05": 0.007284827720395914,
    "0.0001": 0.007284947927805778,
    "0.0003": 0.007285288828707646,
    "0.001": 0.007286452874810288,
    "0.003": 0.007289544329848533,
    "0.01": 0.0072981106140149925,
    "0.03": 0.007310722009748071,
    "0.1": 0.007311204490098247,
    "0.3": 0.007277999827523047,
    "1.0": 0.007229579194214607,
    "3.0": 0.00721015093879684,
    "10.0": 0.007234697446713205
  },
  "val_mse": 0.00721015093879684,
  "val_mae": 0.05429040872103181,
  "val_r2": 0.013964939820706679,
  "test_mse": 0.0015262671920850304,
  "test_mae": 0.029764335955247162,
  "test_r2": 0.0473898194185306,
  "sizes": {
    "train": 1450,
    "val": 253,
    "test": 984
  }
}