{
  "load_graphs_sec": 6.494663953781128,
  "gram_sec": 2.750555992126465,
  "fit_sec": 0.9216611385345459,
  "total_sec": 11.181840181350708
}