{
  "model": "krr",
  "best_params": {
    "lambda": 0.1
  },
  "val_scores_grid_mse": {
    "1e-06": 0.006900122767093783,
    "3e-06": 0.00690012450467404,
    "1e-05": 0.00690013055480153,
    "3e-05": 0.006900147576832223,
    "0.0001": 0.006900204259840775,
    "0.0003": 0.00690034537619254,
    "0.001": 0.0069006888475261425,
    "0.003": 0.006901176657704223,
    "0.01": 0.0069015086657114475,
    "0.03": 0.006899560568854711,
    "0.1": 0.006891916017303443,
    "0.3": 0.006897308482739961,
    "1.0": 0.006970797145846046,
    "3.0": 0.0070953447902187446,
    "10.0": 0.007231265386327578
  },
  "val_mse": 0.006891916017303443,
  "val_mae": 0.052381444557635846,
  "val_r2": 0.05748568078718119,
  "test_mse": 0.0014332695668057662,
  "test_mae": 0.02863855213029674,
  "test_r2": 0.10543365605164579,
  "sizes": {
    "train": 1450,
    "val": 253,
    "test": 984
  }
}