{
  "load_graphs_sec": 5.064462184906006,
  "gram_sec": 2.120112895965576,
  "fit_sec": 0.5025908946990967,
  "total_sec": 8.601477146148682
}