{
  "best_lambda": 0.1,
  "val_mse": 0.012580951385873932,
  "val_mae": 0.07502127340985373,
  "val_r2": 0.06345126887980823,
  "test_mse": 0.0016586992782712173,
  "test_mae": 0.03335955699197309,
  "test_r2": 0.08921711464629434,
  "val_scores_by_lambda_mse": {
    "1e-06": 0.012651066333401193,
    "3e-06": 0.012651062771435765,
    "1e-05": 0.012651050305847811,
    "3e-05": 0.01265101470098842,
    "0.0001": 0.012650890213440135,
    "0.0003": 0.012650535642052714,
    "0.001": 0.012649307469121988,
    "0.003": 0.012645906014021513,
    "0.01": 0.012635167883911332,
    "0.03": 0.012612496417501624,
    "0.1": 0.012580951385873932,
    "0.3": 0.012585299077535493,
    "1.0": 0.012666013477290069,
    "3.0": 0.012858272634862326,
    "10.0": 0.01319332918612581
  },
  "sizes": {
    "train": 400,
    "val": 120,
    "test": 400
  }
}