{
  "load_graphs_sec": 1.8485286235809326,
  "gram_sec": 0.7031519412994385,
  "total_sec": 2.6169650554656982
}