{
  "model": "svr",
  "best_params": {
    "C": 10.0,
    "epsilon": 0.05
  },
  "val_scores_grid_mse": {
    "C=0.1,eps=0.001": 0.006891817313387468,
    "C=0.1,eps=0.01": 0.006873050883731194,
    "C=0.1,eps=0.05": 0.006943258853381365,
    "C=1,eps=0.001": 0.006811873676051215,
    "C=1,eps=0.01": 0.006744770626754469,
    "C=1,eps=0.05": 0.006608686798261693,
    "C=10,eps=0.001": 0.006671023767149275,
    "C=10,eps=0.01": 0.006643940976861169,
    "C=10,eps=0.05": 0.006604211482115227,
    "C=100,eps=0.001": 0.006671023767149275,
    "C=100,eps=0.01": 0.006643940976861169,
    "C=100,eps=0.05": 0.006604211482115227
  },
  "val_mse": 0.006604211482115227,
  "val_mae": 0.054575998325845726,
  "val_r2": 0.09683114632050316,
  "test_mse": 0.0014145711697889649,
  "test_mae": 0.029524145941980346,
  "test_r2": 0.11710414501227662,
  "sizes": {
    "train": 1450,
    "val": 253,
    "test": 984
  }
}