{
  "load_graphs_sec": 4.883786916732788,
  "gram_sec": 2.1238391399383545,
  "fit_sec": 0.26251721382141113,
  "total_sec": 8.111549139022827
}