{
  "n_graphs": 280,
  "wl_shape": [
    280,
    280
  ],
  "sp_shape": [
    280,
    280
  ],
  "wl_sym_err": 0.0,
  "sp_sym_err": 0.0,
  "wl_min": 0.5451361100813048,
  "wl_max": 1.0,
  "sp_min": 0.27692668235175105,
  "sp_max": 1.0,
  "elapsed_sec": 8.986019611358643
}