{
  "best_lambda": 1.0,
  "val_mse": 0.012454271062858823,
  "val_mae": 0.07347438312209821,
  "val_r2": 0.07288158079651352,
  "test_mse": 0.0018702172018713952,
  "test_mae": 0.03381200275544582,
  "test_r2": -0.02692624375763608,
  "val_scores_by_lambda_mse": {
    "1e-06": 0.014368757269225957,
    "3e-06": 0.014798220451725567,
    "1e-05": 0.015110415160339381,
    "3e-05": 0.015272826152721923,
    "0.0001": 0.015123105477600854,
    "0.0003": 0.014393832007326303,
    "0.001": 0.01329260019728253,
    "0.003": 0.012735094159116979,
    "0.01": 0.01256121224738434,
    "0.03": 0.012514272838181895,
    "0.1": 0.012492035667684604,
    "0.3": 0.012477834952991157,
    "1.0": 0.012454271062858823,
    "3.0": 0.012461762684026177,
    "10.0": 0.01258915476492197
  },
  "sizes": {
    "train": 400,
    "val": 120,
    "test": 400
  }
}