{
  "load_graphs_sec": 1.831836462020874,
  "gram_sec": 14.5304696559906,
  "total_sec": 16.905152559280396
}