{
  "model": "svr",
  "best_params": {
    "C": 10.0,
    "epsilon": 0.05
  },
  "val_scores_grid_mse": {
    "C=0.1,eps=0.001": 0.006707188673437863,
    "C=0.1,eps=0.01": 0.006609215125874561,
    "C=0.1,eps=0.05": 0.006700526305239262,
    "C=1,eps=0.001": 0.007339314252504586,
    "C=1,eps=0.01": 0.006794970027243006,
    "C=1,eps=0.05": 0.006574721094932711,
    "C=10,eps=0.001": 0.0070127224186126505,
    "C=10,eps=0.01": 0.006693556671940488,
    "C=10,eps=0.05": 0.0065741984273431624,
    "C=100,eps=0.001": 0.006928785232840116,
    "C=100,eps=0.01": 0.006693556671940488,
    "C=100,eps=0.05": 0.0065741984273431624
  },
  "val_mse": 0.0065741984273431624,
  "val_mae": 0.056299221858990695,
  "val_r2": 0.10093560206967667,
  "test_mse": 0.0016133436966197486,
  "test_mae": 0.03205233393246645,
  "test_r2": -0.0069585224267860735,
  "sizes": {
    "train": 1450,
    "val": 253,
    "test": 984
  }
}