{
  "load_graphs_sec": 3.9651601314544678,
  "gram_sec": 1.6958584785461426,
  "fit_sec": 0.2859337329864502,
  "total_sec": 6.79988431930542
}