{
  "model": "svr",
  "best_params": {
    "C": 10.0,
    "epsilon": 0.01
  },
  "val_scores_grid_mse": {
    "C=0.1,eps=0.001": 0.007145594534797634,
    "C=0.1,eps=0.01": 0.007017699688344543,
    "C=0.1,eps=0.05": 0.006909176144395528,
    "C=1,eps=0.001": 0.006731645864616732,
    "C=1,eps=0.01": 0.006490385719308805,
    "C=1,eps=0.05": 0.006619981858495679,
    "C=10,eps=0.001": 0.006384408757006804,
    "C=10,eps=0.01": 0.0063157205011531835,
    "C=10,eps=0.05": 0.006624173636282998,
    "C=100,eps=0.001": 0.006384408757007515,
    "C=100,eps=0.01": 0.0063157205011531835,
    "C=100,eps=0.05": 0.006624173636282998
  },
  "val_mse": 0.0063157205011531835,
  "val_mae": 0.04967751940749616,
  "val_r2": 0.13628411271580854,
  "test_mse": 0.0015167015678847445,
  "test_mae": 0.03002751930019493,
  "test_r2": 0.05336009307288048,
  "sizes": {
    "train": 1450,
    "val": 253,
    "test": 984
  }
}