{
  "load_graphs_sec": 5.9403767585754395,
  "gram_sec": 2.5249571800231934,
  "fit_sec": 0.28200721740722656,
  "total_sec": 9.577475547790527
}