{
  "model": "ridge",
  "best_params": {
    "lambda": 10.0
  },
  "val_scores_grid_mse": {
    "1e-06": 0.007736321762362421,
    "3e-06": 0.007736321758607498,
    "1e-05": 0.007736321745465274,
    "3e-05": 0.007736321707916059,
    "0.0001": 0.007736321576493837,
    "0.0003": 0.007736321201001951,
    "0.001": 0.007736319886782507,
    "0.003": 0.007736316131888289,
    "0.01": 0.0077363029899740745,
    "0.03": 0.007736265443495244,
    "0.1": 0.007736134052369978,
    "0.3": 0.007735758833786805,
    "1.0": 0.007734447719356982,
    "3.0": 0.007730720024526904,
    "10.0": 0.007717883775718461
  },
  "val_mse": 0.007717883775718461,
  "val_mae": 0.06705219916048577,
  "val_r2": -0.05547077292273883,
  "test_mse": 0.0017211152635158169,
  "test_mae": 0.03432478778103624,
  "test_r2": -0.0742233841683324,
  "sizes": {
    "train": 1450,
    "val": 253,
    "test": 984
  },
  "features": [
    "mean60_eq",
    "std60_eq",
    "sum60_eq"
  ]
}