{
  "feature_sec": 0.34194302558898926,
  "fit_sec": 0.00041556358337402344,
  "total_sec": 0.37305378913879395
}