{
  "model": "krr",
  "best_params": {
    "lambda": 1.0
  },
  "val_scores_grid_mse": {
    "1e-06": 0.007209750499633847,
    "3e-06": 0.007209607556999874,
    "1e-05": 0.007209487292205512,
    "3e-05": 0.00720941626738598,
    "0.0001": 0.007209360486512864,
    "0.0003": 0.007209297997335522,
    "0.001": 0.0072091220968437,
    "0.003": 0.0072085913554786225,
    "0.01": 0.007206694783811279,
    "0.03": 0.007202316784225162,
    "0.1": 0.0071932006297219684,
    "0.3": 0.00718211506998855,
    "1.0": 0.007174074360160042,
    "3.0": 0.007177237546202102,
    "10.0": 0.007199511391794567
  },
  "val_mse": 0.007174074360160042,
  "val_mae": 0.05463090455129259,
  "val_r2": 0.01889862729646763,
  "test_mse": 0.0016111661207042455,
  "test_mae": 0.03105612837866286,
  "test_r2": -0.005599263082523898,
  "sizes": {
    "train": 1450,
    "val": 253,
    "test": 984
  }
}