{
  "load_graphs_sec": 5.462791681289673,
  "gram_sec": 44.918044090270996,
  "fit_sec": 1.1455650329589844,
  "total_sec": 52.52318000793457
}