{
  "model": "krr",
  "best_params": {
    "lambda": 0.1
  },
  "val_scores_grid_mse": {
    "1e-06": 0.006899450295885647,
    "3e-06": 0.006899452044576664,
    "1e-05": 0.006899458133616145,
    "3e-05": 0.006899475267005432,
    "0.0001": 0.006899532341637855,
    "0.0003": 0.0068996745875998305,
    "0.001": 0.006900022017344426,
    "0.003": 0.006900520328744423,
    "0.01": 0.006900880117690887,
    "0.03": 0.006898981380830451,
    "0.1": 0.006891454420812907,
    "0.3": 0.006897058877131293,
    "1.0": 0.006970752751194807,
    "3.0": 0.007095353521821831,
    "10.0": 0.007231267159470753
  },
  "val_mse": 0.006891454420812907,
  "val_mae": 0.05237261770252185,
  "val_r2": 0.057548752570706574,
  "test_mse": 0.001433324480638636,
  "test_mae": 0.028642629569055486,
  "test_r2": 0.10539938502904045,
  "sizes": {
    "train": 1450,
    "val": 253,
    "test": 984
  }
}