{
  "load_graphs_sec": 5.478731632232666,
  "gram_sec": 2.2718191146850586,
  "fit_sec": 1.3281121253967285,
  "total_sec": 10.019232511520386
}