{
  "model": "krr",
  "best_params": {
    "lambda": 0.0003
  },
  "val_scores_grid_mse": {
    "1e-06": 0.006472118262579696,
    "3e-06": 0.0064716004562824815,
    "1e-05": 0.00647000193916195,
    "3e-05": 0.006466724697265069,
    "0.0001": 0.0064616036309357965,
    "0.0003": 0.00645843397586559,
    "0.001": 0.006459246229664311,
    "0.003": 0.00646610128397593,
    "0.01": 0.006487589504722204,
    "0.03": 0.0065305497745955865,
    "0.1": 0.006602259877400652,
    "0.3": 0.006684627614133043,
    "1.0": 0.006847123208527461,
    "3.0": 0.007040490566659619,
    "10.0": 0.007214528083971077
  },
  "val_mse": 0.00645843397586559,
  "val_mae": 0.05275153680825696,
  "val_r2": 0.11676714217657913,
  "test_mse": 0.001479367384094544,
  "test_mae": 0.029387007351404405,
  "test_r2": 0.0766619836883845,
  "sizes": {
    "train": 1450,
    "val": 253,
    "test": 984
  }
}