{
  "load_graphs_sec": 4.911217212677002,
  "gram_sec": 1.9436113834381104,
  "fit_sec": 0.6874961853027344,
  "total_sec": 8.551032066345215
}