{
  "best_lambda": 0.1,
  "val_mse": 0.006892235181130245,
  "val_mae": 0.05237398977923674,
  "val_r2": 0.057442043858368375,
  "test_mse": 0.001433468227362857,
  "test_mae": 0.02864215390531649,
  "test_r2": 0.10530970769706238,
  "val_scores_by_lambda_mse": {
    "1e-06": 0.00690036518226842,
    "3e-06": 0.006900366925274632,
    "1e-05": 0.006900372994433966,
    "3e-05": 0.006900390071170251,
    "0.0001": 0.006900446949087354,
    "0.0003": 0.006900588644014397,
    "0.001": 0.006900934218720756,
    "0.003": 0.006901427467463899,
    "0.01": 0.0069017714710247445,
    "0.03": 0.0068998415949939945,
    "0.1": 0.006892235181130245,
    "0.3": 0.0068976307439461496,
    "1.0": 0.006971001657782374,
    "3.0": 0.007095435980077822,
    "10.0": 0.0072312928456057385
  },
  "sizes": {
    "train": 1450,
    "val": 253,
    "test": 984
  }
}