{
  "load_graphs_sec": 4.888591051101685,
  "gram_sec": 2.1260149478912354,
  "total_sec": 7.876361846923828
}