{
  "model": "krr",
  "best_params": {
    "lambda": 1e-06
  },
  "val_scores_grid_mse": {
    "1e-06": 0.006900856296947766,
    "3e-06": 0.006900858603156483,
    "1e-05": 0.006900866321179588,
    "3e-05": 0.006900886124729544,
    "0.0001": 0.006900937592719717,
    "0.0003": 0.006901015999389018,
    "0.001": 0.006901101381877505,
    "0.003": 0.006901155498483994,
    "0.01": 0.0069012580026959645,
    "0.03": 0.006901558587984953,
    "0.1": 0.006902601262964221,
    "0.3": 0.006905567643237797,
    "1.0": 0.006915748295017862,
    "3.0": 0.006940486824821279,
    "10.0": 0.0069994381192035994
  },
  "val_mse": 0.006900856296947766,
  "val_mae": 0.05273188505786919,
  "val_r2": 0.056262956424503296,
  "test_mse": 0.0017466838922113271,
  "test_mae": 0.03221614251991121,
  "test_r2": -0.09018192912753453,
  "sizes": {
    "train": 1450,
    "val": 253,
    "test": 984
  }
}