{
  "load_graphs_sec": 3.6527795791625977,
  "gram_sec": 20.84633183479309,
  "fit_sec": 1.6264314651489258,
  "total_sec": 27.153695583343506
}