{
  "model": "svr",
  "best_params": {
    "C": 0.1,
    "epsilon": 0.05
  },
  "val_scores_grid_mse": {
    "C=0.1,eps=0.001": 0.007776611385430157,
    "C=0.1,eps=0.01": 0.007381655029762043,
    "C=0.1,eps=0.05": 0.007020691532602389,
    "C=1,eps=0.001": 0.007532084595309876,
    "C=1,eps=0.01": 0.007224378423911078,
    "C=1,eps=0.05": 0.007379473379163394,
    "C=10,eps=0.001": 0.007494430745794301,
    "C=10,eps=0.01": 0.007271376217379623,
    "C=10,eps=0.05": 0.007376718998184323,
    "C=100,eps=0.001": 0.007494430745794563,
    "C=100,eps=0.01": 0.007271376217379691,
    "C=100,eps=0.05": 0.007376718998184323
  },
  "val_mse": 0.007020691532602389,
  "val_mae": 0.05605759753307341,
  "val_r2": 0.03987474650495515,
  "test_mse": 0.0014977345652764295,
  "test_mae": 0.030753956117034378,
  "test_r2": 0.0651982810807864,
  "sizes": {
    "train": 1450,
    "val": 253,
    "test": 984
  }
}