{
  "load_graphs_sec": 6.509156227111816,
  "gram_sec": 2.7253873348236084,
  "fit_sec": 0.25391125679016113,
  "total_sec": 10.331039667129517
}