{
  "model": "ridge",
  "best_params": {
    "lambda": 10.0
  },
  "val_scores_grid_mse": {
    "1e-06": 0.0077363259125019105,
    "3e-06": 0.007736325908746974,
    "1e-05": 0.007736325895604697,
    "3e-05": 0.007736325858055336,
    "0.0001": 0.007736325726632591,
    "0.0003": 0.007736325351139222,
    "0.001": 0.007736324036914587,
    "0.003": 0.0077363202820055306,
    "0.01": 0.007736307140039387,
    "0.03": 0.0077362695934121905,
    "0.1": 0.007736138201767734,
    "0.3": 0.007735762981701881,
    "1.0": 0.007734451862091075,
    "3.0": 0.007730724152529841,
    "10.0": 0.0077178878529847875
  },
  "val_mse": 0.0077178878529847875,
  "val_mae": 0.06705223154228221,
  "val_r2": -0.05547133732528842,
  "test_mse": 0.0017211151652365944,
  "test_mae": 0.03432478676637163,
  "test_r2": -0.07422339561084002,
  "sizes": {
    "train": 1450,
    "val": 253,
    "test": 984
  },
  "features": [
    "mean60_eq",
    "std60_eq",
    "sum60_eq"
  ]
}