{
  "feature_sec": 0.33917856216430664,
  "fit_sec": 0.00041604042053222656,
  "total_sec": 0.382965087890625
}