{
  "model": "mean",
  "best_params": {
    "ybar_train": 0.012467458848826461
  },
  "val_mse": 0.007332170960221283,
  "val_mae": 0.05564224078334202,
  "val_r2": -0.0027221329112283588,
  "test_mse": 0.0016088046215903381,
  "test_mae": 0.030679185899592048,
  "test_r2": -0.004125436649099923,
  "sizes": {
    "train": 1450,
    "val": 253,
    "test": 984
  }
}