{
  "model": "mean",
  "best_params": {
    "ybar_train": 0.012467458729965939
  },
  "val_mse": 0.007332171384178421,
  "val_mae": 0.055642241272816154,
  "val_r2": -0.0027221320058579135,
  "test_mse": 0.0016088045695915039,
  "test_mae": 0.03067918583157333,
  "test_r2": -0.004125436244407199,
  "sizes": {
    "train": 1450,
    "val": 253,
    "test": 984
  }
}