{
  "model": "krr",
  "best_params": {
    "lambda": 1e-06
  },
  "val_scores_grid_mse": {
    "1e-06": 0.006802691713796459,
    "3e-06": 0.006802702415918541,
    "1e-05": 0.006802739868286964,
    "3e-05": 0.006802846834014483,
    "0.0001": 0.0068032207355549264,
    "0.0003": 0.0068042849420090305,
    "0.001": 0.006807962700973545,
    "0.003": 0.00681808459844791,
    "0.01": 0.006849563277714335,
    "0.03": 0.006915417891735711,
    "0.1": 0.0070240385840795744,
    "0.3": 0.007113463842582509,
    "1.0": 0.007189138045160742,
    "3.0": 0.007238928299375494,
    "10.0": 0.007290256462073179
  },
  "val_mse": 0.006802691713796459,
  "val_mae": 0.052946901554056,
  "val_r2": 0.06968762971228615,
  "test_mse": 0.001571511396794388,
  "test_mae": 0.030562594014195574,
  "test_r2": 0.019150877208432338,
  "sizes": {
    "train": 1450,
    "val": 253,
    "test": 984
  }
}