{
  "load_graphs_sec": 6.068838119506836,
  "gram_sec": 2.6490042209625244,
  "fit_sec": 0.5110397338867188,
  "total_sec": 10.195641994476318
}