{
  "model": "ridge",
  "best_params": {
    "lambda": 10.0
  },
  "val_scores_grid_mse": {
    "1e-06": 0.007736327837480102,
    "3e-06": 0.007736327833725158,
    "1e-05": 0.0077363278205828485,
    "3e-05": 0.0077363277830334,
    "0.0001": 0.007736327651610343,
    "0.0003": 0.007736327276116086,
    "0.001": 0.007736325961888339,
    "0.003": 0.007736322206970395,
    "0.01": 0.007736309064973143,
    "0.03": 0.007736271518257073,
    "0.1": 0.0077361401263016175,
    "0.3": 0.007735764905347675,
    "1.0": 0.0077344537826341585,
    "3.0": 0.007730726064255842,
    "10.0": 0.0077178897343987175
  },
  "val_mse": 0.0077178897343987175,
  "val_mae": 0.06705224724924919,
  "val_r2": -0.05547162344234069,
  "test_mse": 0.0017211152529018248,
  "test_mae": 0.034324788307537664,
  "test_r2": -0.07422339874357098,
  "sizes": {
    "train": 1450,
    "val": 253,
    "test": 984
  },
  "features": [
    "mean60_eq",
    "std60_eq",
    "sum60_eq"
  ]
}