{
  "feature_sec": 0.3580632209777832,
  "fit_sec": 0.0004596710205078125,
  "total_sec": 0.39167213439941406
}