{
  "model": "mean",
  "best_params": {
    "ybar_train": 0.012467458758482222
  },
  "val_mse": 0.00733217110469834,
  "val_mae": 0.05564224156613397,
  "val_r2": -0.0027221317449850346,
  "test_mse": 0.0016088047617828837,
  "test_mae": 0.030679187335720733,
  "test_r2": -0.004125435672252431,
  "sizes": {
    "train": 1450,
    "val": 253,
    "test": 984
  }
}