{
  "model": "ridge",
  "best_params": {
    "lambda": 10.0
  },
  "val_scores_grid_mse": {
    "1e-06": 0.007736324056742921,
    "3e-06": 0.007736324052987992,
    "1e-05": 0.007736324039845744,
    "3e-05": 0.007736324002296462,
    "0.0001": 0.007736323870873995,
    "0.0003": 0.007736323495381421,
    "0.001": 0.007736322181159567,
    "0.003": 0.00773631842625846,
    "0.01": 0.0077363052843201375,
    "0.03": 0.007736267737772425,
    "0.1": 0.007736136346406121,
    "0.3": 0.007735761127134606,
    "1.0": 0.007734450010299531,
    "3.0": 0.007730722308630994,
    "10.0": 0.0077178860362745235
  },
  "val_mse": 0.0077178860362745235,
  "val_mae": 0.06705221578951384,
  "val_r2": -0.05547106163563509,
  "test_mse": 0.0017211152172656218,
  "test_mae": 0.034324786349091106,
  "test_r2": -0.07422337981301208,
  "sizes": {
    "train": 1450,
    "val": 253,
    "test": 984
  },
  "features": [
    "mean60_eq",
    "std60_eq",
    "sum60_eq"
  ]
}