{
  "feature_sec": 0.35431790351867676,
  "fit_sec": 0.0004482269287109375,
  "total_sec": 0.38733911514282227
}