{
  "selected_tau": "tau_0.45",
  "load_graphs_sec": 4.425155878067017,
  "gram_sec": 1.913743019104004,
  "fit_sec": 0.27443408966064453,
  "tau_search_total_sec": 52.093056440353394,
  "total_sec": 52.97485828399658
}