{
  "model": "krr",
  "best_params": {
    "lambda": 1.0
  },
  "val_scores_grid_mse": {
    "1e-06": 0.0072162153752966095,
    "3e-06": 0.007216143888379109,
    "1e-05": 0.007216106128524652,
    "3e-05": 0.007216098165647187,
    "0.0001": 0.0072160949548181995,
    "0.0003": 0.007216082193793237,
    "0.001": 0.007216041937375135,
    "0.003": 0.007215946205396307,
    "0.01": 0.007215649023036458,
    "0.03": 0.007214900330212838,
    "0.1": 0.007212796399358405,
    "0.3": 0.007209054727801635,
    "1.0": 0.007205701613570795,
    "3.0": 0.007211063193197961,
    "10.0": 0.007235048579162694
  },
  "val_mse": 0.007205701613570795,
  "val_mae": 0.055011013961084355,
  "val_r2": 0.014573402744144204,
  "test_mse": 0.001610630116074583,
  "test_mae": 0.031090695500856684,
  "test_r2": -0.005264829587570574,
  "sizes": {
    "train": 1450,
    "val": 253,
    "test": 984
  }
}