{
  "load_graphs_sec": 5.903283596038818,
  "gram_sec": 49.31909513473511,
  "fit_sec": 0.7411632537841797,
  "total_sec": 56.88274049758911
}