{
  "selected_tau": "tau_0.45",
  "load_graphs_sec": 4.486674547195435,
  "gram_sec": 1.9329962730407715,
  "fit_sec": 0.759488582611084,
  "tau_search_total_sec": 56.810840368270874,
  "total_sec": 57.52254676818848
}