{
  "model": "ridge",
  "best_params": {
    "lambda": 10.0
  },
  "val_scores_grid_mse": {
    "1e-06": 0.007736325916437928,
    "3e-06": 0.007736325912682992,
    "1e-05": 0.007736325899540713,
    "3e-05": 0.007736325861991347,
    "0.0001": 0.0077363257305685836,
    "0.0003": 0.007736325355075164,
    "0.001": 0.007736324040850347,
    "0.003": 0.0077363202859407785,
    "0.01": 0.007736307143972836,
    "0.03": 0.007736269597340502,
    "0.1": 0.007736138205678067,
    "0.3": 0.007735762985560872,
    "1.0": 0.00773445186577065,
    "3.0": 0.00773072415569922,
    "10.0": 0.0077178878543962375
  },
  "val_mse": 0.0077178878543962375,
  "val_mae": 0.06705223237866452,
  "val_r2": -0.0554713664021127,
  "test_mse": 0.0017211151179360104,
  "test_mae": 0.03432478648624527,
  "test_r2": -0.07422339066027539,
  "sizes": {
    "train": 1450,
    "val": 253,
    "test": 984
  },
  "features": [
    "mean60_eq",
    "std60_eq",
    "sum60_eq"
  ]
}