{
  "feature_sec": 0.3446059226989746,
  "fit_sec": 0.0004601478576660156,
  "total_sec": 0.37597107887268066
}