{
  "model": "svr",
  "best_params": {
    "C": 100.0,
    "epsilon": 0.05
  },
  "val_scores_grid_mse": {
    "C=0.1,eps=0.001": 0.007019537364137204,
    "C=0.1,eps=0.01": 0.007022559865853829,
    "C=0.1,eps=0.05": 0.006829303928291588,
    "C=1,eps=0.001": 0.006967369814223015,
    "C=1,eps=0.01": 0.0070091876609693635,
    "C=1,eps=0.05": 0.006660365563897786,
    "C=10,eps=0.001": 0.006979798165495617,
    "C=10,eps=0.01": 0.006998995744308494,
    "C=10,eps=0.05": 0.006655192672292685,
    "C=100,eps=0.001": 0.006962724078479316,
    "C=100,eps=0.01": 0.006987652605908501,
    "C=100,eps=0.05": 0.006649195588933884
  },
  "val_mse": 0.006649195588933884,
  "val_mae": 0.055311328284341606,
  "val_r2": 0.09067922465445244,
  "test_mse": 0.0016195018246364496,
  "test_mae": 0.03289868625975255,
  "test_r2": -0.010802053433723868,
  "sizes": {
    "train": 1450,
    "val": 253,
    "test": 984
  }
}