{
  "load_graphs_sec": 6.140113353729248,
  "gram_sec": 45.26302456855774,
  "fit_sec": 1.2242505550384521,
  "total_sec": 53.51862812042236
}