{
  "model": "krr",
  "best_params": {
    "lambda": 3e-05
  },
  "val_scores_grid_mse": {
    "1e-06": 0.007042943764469656,
    "3e-06": 0.007042883729434219,
    "1e-05": 0.007042802735831669,
    "3e-05": 0.007042784325872079,
    "0.0001": 0.007042914787212172,
    "0.0003": 0.007043293420608097,
    "0.001": 0.007044280535031621,
    "0.003": 0.007046213537712216,
    "0.01": 0.0070503096147771374,
    "0.03": 0.007056069305763653,
    "0.1": 0.007062161527428226,
    "0.3": 0.0070658529374556505,
    "1.0": 0.0070718420104774965,
    "3.0": 0.007086530621879388,
    "10.0": 0.0071248995503766085
  },
  "val_mse": 0.007042784325872079,
  "val_mae": 0.05403479731578535,
  "val_r2": 0.03685345880647961,
  "test_mse": 0.0016457374298446937,
  "test_mae": 0.0308034454956506,
  "test_r2": -0.027176847825054695,
  "sizes": {
    "train": 1450,
    "val": 253,
    "test": 984
  }
}