{
  "load_graphs_sec": 4.830043315887451,
  "gram_sec": 39.33308982849121,
  "fit_sec": 0.7500646114349365,
  "total_sec": 45.791895151138306
}