{
  "load_graphs_sec": 4.978129863739014,
  "gram_sec": 2.1244876384735107,
  "total_sec": 9.128183126449585
}