{
  "model": "svr",
  "best_params": {
    "C": 100.0,
    "epsilon": 0.05
  },
  "val_scores_grid_mse": {
    "C=0.1,eps=0.001": 0.007023440357020547,
    "C=0.1,eps=0.01": 0.007018691764227647,
    "C=0.1,eps=0.05": 0.0068122539805825204,
    "C=1,eps=0.001": 0.006972219722936804,
    "C=1,eps=0.01": 0.007011816642531232,
    "C=1,eps=0.05": 0.00665463534481686,
    "C=10,eps=0.001": 0.006962619320662601,
    "C=10,eps=0.01": 0.0070012937429489944,
    "C=10,eps=0.05": 0.00664909091598132,
    "C=100,eps=0.001": 0.006964364712098263,
    "C=100,eps=0.01": 0.006998240160927991,
    "C=100,eps=0.05": 0.00664876246350712
  },
  "val_mse": 0.00664876246350712,
  "val_mae": 0.05531162199757201,
  "val_r2": 0.09073850999246036,
  "test_mse": 0.001619105896934103,
  "test_mae": 0.03289269595794933,
  "test_r2": -0.010554941115166416,
  "sizes": {
    "train": 1450,
    "val": 253,
    "test": 984
  }
}