{
  "load_graphs_sec": 4.875892162322998,
  "gram_sec": 39.45950937271118,
  "fit_sec": 1.0849735736846924,
  "total_sec": 46.37427115440369
}