{
  "model": "ridge",
  "best_params": {
    "lambda": 10.0
  },
  "val_scores_grid_mse": {
    "1e-06": 0.00773632341548281,
    "3e-06": 0.007736323411727884,
    "1e-05": 0.007736323398585639,
    "3e-05": 0.007736323361036369,
    "0.0001": 0.007736323229613949,
    "0.0003": 0.007736322854121503,
    "0.001": 0.007736321539900097,
    "0.003": 0.00773631778500027,
    "0.01": 0.007736304643066433,
    "0.03": 0.007736267096531529,
    "0.1": 0.007736135705210052,
    "0.3": 0.007735760486066519,
    "1.0": 0.007734449369678351,
    "3.0": 0.007730721669277911,
    "10.0": 0.007717885401259415
  },
  "val_mse": 0.007717885401259415,
  "val_mae": 0.06705221315576564,
  "val_r2": -0.055471032882148164,
  "test_mse": 0.001721115185044336,
  "test_mae": 0.034324786689135064,
  "test_r2": -0.07422341325667259,
  "sizes": {
    "train": 1450,
    "val": 253,
    "test": 984
  },
  "features": [
    "mean60_eq",
    "std60_eq",
    "sum60_eq"
  ]
}