{
  "feature_sec": 0.350726842880249,
  "fit_sec": 0.00042057037353515625,
  "total_sec": 0.38362812995910645
}