{
  "model": "krr",
  "best_params": {
    "lambda": 1e-06
  },
  "val_scores_grid_mse": {
    "1e-06": 0.006799646295612726,
    "3e-06": 0.006799656990577971,
    "1e-05": 0.006799694418305847,
    "3e-05": 0.0067998013138467804,
    "0.0001": 0.006800174972703535,
    "0.0003": 0.006801238510856016,
    "0.001": 0.006804914215742994,
    "0.003": 0.006815032505641191,
    "0.01": 0.006846519300163578,
    "0.03": 0.0069124918213948625,
    "0.1": 0.007021688948854783,
    "0.3": 0.007112050148000927,
    "1.0": 0.0071885406437175395,
    "3.0": 0.007238698812767653,
    "10.0": 0.007290186664692758
  },
  "val_mse": 0.006799646295612726,
  "val_mae": 0.05293586979895523,
  "val_r2": 0.07010417106682743,
  "test_mse": 0.0015709156794819592,
  "test_mae": 0.03056038853844386,
  "test_r2": 0.01952275177141427,
  "sizes": {
    "train": 1450,
    "val": 253,
    "test": 984
  }
}