{
  "load_graphs_sec": 5.973511219024658,
  "gram_sec": 2.5281951427459717,
  "fit_sec": 0.7327671051025391,
  "total_sec": 10.149281740188599
}