{
  "model": "mean",
  "best_params": {
    "ybar_train": 0.012467458699337988
  },
  "val_mse": 0.007332171404167512,
  "val_mae": 0.05564224167131118,
  "val_r2": -0.00272213281589595,
  "test_mse": 0.0016088046539208304,
  "test_mae": 0.03067918613391268,
  "test_r2": -0.00412543572286217,
  "sizes": {
    "train": 1450,
    "val": 253,
    "test": 984
  }
}