{
  "model": "svr",
  "best_params": {
    "C": 1.0,
    "epsilon": 0.05
  },
  "val_scores_grid_mse": {
    "C=0.1,eps=0.001": 0.007011189040261507,
    "C=0.1,eps=0.01": 0.007011167577818643,
    "C=0.1,eps=0.05": 0.00687766140516983,
    "C=1,eps=0.001": 0.0070003939738604165,
    "C=1,eps=0.01": 0.007006056667919773,
    "C=1,eps=0.05": 0.0068163174591862755,
    "C=10,eps=0.001": 0.007000923320300632,
    "C=10,eps=0.01": 0.006999345485383855,
    "C=10,eps=0.05": 0.006820259978016341,
    "C=100,eps=0.001": 0.006978969674501486,
    "C=100,eps=0.01": 0.007007567784641308,
    "C=100,eps=0.05": 0.006829665528542421
  },
  "val_mse": 0.0068163174591862755,
  "val_mae": 0.055692850469179905,
  "val_r2": 0.06782424782752516,
  "test_mse": 0.001633489753079496,
  "test_mae": 0.03254706093202433,
  "test_r2": -0.019532541064445574,
  "sizes": {
    "train": 1450,
    "val": 253,
    "test": 984
  }
}