{
  "load_graphs_sec": 4.447687149047852,
  "gram_sec": 33.02799725532532,
  "fit_sec": 1.1329760551452637,
  "total_sec": 39.58111524581909
}