{
  "model": "mean",
  "best_params": {
    "ybar_train": 0.012467458684363787
  },
  "val_mse": 0.007332171253763553,
  "val_mae": 0.05564224158253806,
  "val_r2": -0.002722132285356116,
  "test_mse": 0.0016088046722951485,
  "test_mae": 0.030679186118133358,
  "test_r2": -0.0041254357972282385,
  "sizes": {
    "train": 1450,
    "val": 253,
    "test": 984
  }
}