{
  "selected_tau": "tau_0.50",
  "load_graphs_sec": 3.9816083908081055,
  "gram_sec": 27.0425808429718,
  "fit_sec": 1.0551762580871582,
  "tau_search_total_sec": 313.0575568675995,
  "total_sec": 313.99469447135925
}