{
  "model": "krr",
  "best_params": {
    "lambda": 1e-06
  },
  "val_scores_grid_mse": {
    "1e-06": 0.0069781008657970565,
    "3e-06": 0.006978128925082423,
    "1e-05": 0.006978217989819617,
    "3e-05": 0.006978427555627173,
    "0.0001": 0.006978875727529127,
    "0.0003": 0.0069793469951117595,
    "0.001": 0.006979640706803465,
    "0.003": 0.006979681273730234,
    "0.01": 0.006979614880192028,
    "0.03": 0.006979498527924533,
    "0.1": 0.0069792849531515955,
    "0.3": 0.006979256891692749,
    "1.0": 0.006981743431750736,
    "3.0": 0.006995496719343697,
    "10.0": 0.007044445583953734
  },
  "val_mse": 0.0069781008657970565,
  "val_mae": 0.053629112724295526,
  "val_r2": 0.04569931458469556,
  "test_mse": 0.0016502732790939314,
  "test_mae": 0.03087536692505288,
  "test_r2": -0.030007875172455734,
  "sizes": {
    "train": 1450,
    "val": 253,
    "test": 984
  }
}