{
  "load_graphs_sec": 4.507266044616699,
  "gram_sec": 33.33852958679199,
  "fit_sec": 1.0753998756408691,
  "total_sec": 39.74707293510437
}