{
  "model": "mean",
  "best_params": {
    "ybar_train": 0.012467458818468835
  },
  "val_mse": 0.007332171398597868,
  "val_mae": 0.05564224352606612,
  "val_r2": -0.002722132113435416,
  "test_mse": 0.0016088045420042003,
  "test_mae": 0.03067918535953542,
  "test_r2": -0.0041254370561267795,
  "sizes": {
    "train": 1450,
    "val": 253,
    "test": 984
  }
}