{
  "model": "ridge",
  "best_params": {
    "lambda": 10.0
  },
  "val_scores_grid_mse": {
    "1e-06": 0.007736323804717717,
    "3e-06": 0.007736323800962787,
    "1e-05": 0.007736323787820531,
    "3e-05": 0.007736323750271235,
    "0.0001": 0.007736323618848716,
    "0.0003": 0.0077363232433559906,
    "0.001": 0.0077363219291336025,
    "0.003": 0.007736318174230975,
    "0.01": 0.007736305032287325,
    "0.03": 0.007736267485724398,
    "0.1": 0.007736136094304837,
    "0.3": 0.007735760874881205,
    "1.0": 0.007734449757514177,
    "3.0": 0.007730722054329705,
    "10.0": 0.0077178857767131424
  },
  "val_mse": 0.0077178857767131424,
  "val_mae": 0.06705221813844045,
  "val_r2": -0.055471146209808975,
  "test_mse": 0.0017211152027400236,
  "test_mae": 0.03432478686077877,
  "test_r2": -0.07422339001385492,
  "sizes": {
    "train": 1450,
    "val": 253,
    "test": 984
  },
  "features": [
    "mean60_eq",
    "std60_eq",
    "sum60_eq"
  ]
}