{
  "feature_sec": 0.34092211723327637,
  "fit_sec": 0.00044417381286621094,
  "total_sec": 0.37206530570983887
}