{
  "model": "svr",
  "best_params": {
    "C": 100.0,
    "epsilon": 0.05
  },
  "val_scores_grid_mse": {
    "C=0.1,eps=0.001": 0.007114972548683422,
    "C=0.1,eps=0.01": 0.007019782436517674,
    "C=0.1,eps=0.05": 0.006983134361282774,
    "C=1,eps=0.001": 0.0070762588254496125,
    "C=1,eps=0.01": 0.00698913313755565,
    "C=1,eps=0.05": 0.006825915513924837,
    "C=10,eps=0.001": 0.007069641076207591,
    "C=10,eps=0.01": 0.006989082091912862,
    "C=10,eps=0.05": 0.0067804016619861605,
    "C=100,eps=0.001": 0.007075487453528655,
    "C=100,eps=0.01": 0.006989798738836262,
    "C=100,eps=0.05": 0.006774994210904984
  },
  "val_mse": 0.006774994210904984,
  "val_mae": 0.056149485637361427,
  "val_r2": 0.07347550389027557,
  "test_mse": 0.001603569597710176,
  "test_mae": 0.03195126767184029,
  "test_r2": -0.0008579881412724699,
  "sizes": {
    "train": 1450,
    "val": 253,
    "test": 984
  }
}