{
  "load_graphs_sec": 5.961313724517822,
  "gram_sec": 49.27065992355347,
  "fit_sec": 0.8727724552154541,
  "total_sec": 57.07874011993408
}