{
  "model": "svr",
  "best_params": {
    "C": 10.0,
    "epsilon": 0.01
  },
  "val_scores_grid_mse": {
    "C=0.1,eps=0.001": 0.006893963900304272,
    "C=0.1,eps=0.01": 0.006869814700169549,
    "C=0.1,eps=0.05": 0.007046084528428425,
    "C=1,eps=0.001": 0.006765884517135611,
    "C=1,eps=0.01": 0.006741201800864225,
    "C=1,eps=0.05": 0.006950940485094307,
    "C=10,eps=0.001": 0.006661829173818892,
    "C=10,eps=0.01": 0.006631861186821194,
    "C=10,eps=0.05": 0.006934060551167869,
    "C=100,eps=0.001": 0.006661829173818892,
    "C=100,eps=0.01": 0.006631861186821194,
    "C=100,eps=0.05": 0.006934060551167869
  },
  "val_mse": 0.006631861186821194,
  "val_mae": 0.05242690908450132,
  "val_r2": 0.09304980861330236,
  "test_mse": 0.0015985958254987542,
  "test_mae": 0.030454760609709048,
  "test_r2": 0.0022464080949748944,
  "sizes": {
    "train": 1450,
    "val": 253,
    "test": 984
  }
}