{
  "load_graphs_sec": 5.425814151763916,
  "gram_sec": 2.331575393676758,
  "fit_sec": 0.28043389320373535,
  "total_sec": 8.96277928352356
}