{
  "model": "krr",
  "best_params": {
    "lambda": 0.1
  },
  "val_scores_grid_mse": {
    "1e-06": 0.007139927431587431,
    "3e-06": 0.007111585710104194,
    "1e-05": 0.007044522358874781,
    "3e-05": 0.006962381066505585,
    "0.0001": 0.006900792069542446,
    "0.0003": 0.006885241342466486,
    "0.001": 0.00688868594586314,
    "0.003": 0.006886904842191211,
    "0.01": 0.006850263422714447,
    "0.03": 0.0067430516005019155,
    "0.1": 0.006580967883606787,
    "0.3": 0.006602038593403205,
    "1.0": 0.006846850478374851,
    "3.0": 0.007064976400387351,
    "10.0": 0.007223322946225441
  },
  "val_mse": 0.006580967883606787,
  "val_mae": 0.05386814703135375,
  "val_r2": 0.100009834892547,
  "test_mse": 0.0015865878094764214,
  "test_mae": 0.03019236714507922,
  "test_r2": 0.00974099959106467,
  "sizes": {
    "train": 1450,
    "val": 253,
    "test": 984
  }
}