{
  "load_graphs_sec": 4.108137130737305,
  "gram_sec": 1.6935186386108398,
  "fit_sec": 0.5009355545043945,
  "total_sec": 7.222999572753906
}