{
  "model": "krr",
  "best_params": {
    "lambda": 3e-05
  },
  "val_scores_grid_mse": {
    "1e-06": 0.007042944296844887,
    "3e-06": 0.007042884285938266,
    "1e-05": 0.0070428032965316936,
    "3e-05": 0.007042784902266602,
    "0.0001": 0.007042915379214999,
    "0.0003": 0.007043294033088423,
    "0.001": 0.007044281181067195,
    "0.003": 0.007046214237810566,
    "0.01": 0.007050310432358544,
    "0.03": 0.007056070266847448,
    "0.1": 0.007062162580235303,
    "0.3": 0.0070658542367350976,
    "1.0": 0.0070718449069825965,
    "3.0": 0.007086537281922232,
    "10.0": 0.007124911788387962
  },
  "val_mse": 0.007042784902266602,
  "val_mae": 0.054035053922726534,
  "val_r2": 0.03685332424582666,
  "test_mse": 0.0016457312223775171,
  "test_mae": 0.030803360529762104,
  "test_r2": -0.027172969905492783,
  "sizes": {
    "train": 1450,
    "val": 253,
    "test": 984
  }
}