{
  "load_graphs_sec": 6.176866292953491,
  "gram_sec": 45.9928412437439,
  "fit_sec": 2.2396914958953857,
  "total_sec": 55.73957896232605
}