{
  "model": "krr",
  "best_params": {
    "lambda": 1e-06
  },
  "val_scores_grid_mse": {
    "1e-06": 0.006901970640834099,
    "3e-06": 0.006901976160516688,
    "1e-05": 0.006901990419646345,
    "3e-05": 0.006902019082483662,
    "0.0001": 0.006902068167286923,
    "0.0003": 0.006902122509675289,
    "0.001": 0.006902216773417474,
    "0.003": 0.006902376334732212,
    "0.01": 0.00690257973326567,
    "0.03": 0.006902673504786076,
    "0.1": 0.006902781779113131,
    "0.3": 0.0069035413118699734,
    "1.0": 0.0069082830488048225,
    "3.0": 0.006925481661933004,
    "10.0": 0.006980054432356338
  },
  "val_mse": 0.006901970640834099,
  "val_mae": 0.05214630601878666,
  "val_r2": 0.05611061988046373,
  "test_mse": 0.0017635126819207977,
  "test_mae": 0.03197025151863,
  "test_r2": -0.1006854908213457,
  "sizes": {
    "train": 1450,
    "val": 253,
    "test": 984
  }
}