{
  "load_graphs_sec": 4.001903533935547,
  "gram_sec": 26.85368776321411,
  "fit_sec": 1.4625160694122314,
  "total_sec": 33.25133156776428
}