{
  "model": "krr",
  "best_params": {
    "lambda": 0.1
  },
  "val_scores_grid_mse": {
    "1e-06": 0.007139560703542089,
    "3e-06": 0.0071111887988283785,
    "1e-05": 0.007044056841403156,
    "3e-05": 0.006961831617541173,
    "0.0001": 0.00690014494523872,
    "0.0003": 0.006884488554276074,
    "0.001": 0.0068878286943504525,
    "0.003": 0.0068859144934780275,
    "0.01": 0.006848663512162953,
    "0.03": 0.006740100539114858,
    "0.1": 0.006577133441910892,
    "0.3": 0.006599460357435622,
    "1.0": 0.006845860288689844,
    "3.0": 0.007064619943636906,
    "10.0": 0.007223204654543645
  },
  "val_mse": 0.006577133441910892,
  "val_mae": 0.053857488955662246,
  "val_r2": 0.10053421978936428,
  "test_mse": 0.0015856682547657683,
  "test_mae": 0.030183017728567255,
  "test_r2": 0.01031500415653297,
  "sizes": {
    "train": 1450,
    "val": 253,
    "test": 984
  }
}