{
  "load_graphs_sec": 3.9844460487365723,
  "gram_sec": 1.711064100265503,
  "fit_sec": 0.9138016700744629,
  "total_sec": 7.522624731063843
}