{
  "model": "svr",
  "best_params": {
    "C": 10.0,
    "epsilon": 0.05
  },
  "val_scores_grid_mse": {
    "C=0.1,eps=0.001": 0.006707930090120931,
    "C=0.1,eps=0.01": 0.006674494205641746,
    "C=0.1,eps=0.05": 0.00661750321943137,
    "C=1,eps=0.001": 0.0065158290985805915,
    "C=1,eps=0.01": 0.006448697269595457,
    "C=1,eps=0.05": 0.006213253709677375,
    "C=10,eps=0.001": 0.006451632252342011,
    "C=10,eps=0.01": 0.00638937354227031,
    "C=10,eps=0.05": 0.006162127437960631,
    "C=100,eps=0.001": 0.006460252156056977,
    "C=100,eps=0.01": 0.00638937354227031,
    "C=100,eps=0.05": 0.006162127437960631
  },
  "val_mse": 0.006162127437960631,
  "val_mae": 0.053277628050466236,
  "val_r2": 0.15728898868666674,
  "test_mse": 0.001566898164079713,
  "test_mae": 0.031558401318699296,
  "test_r2": 0.022030187944705126,
  "sizes": {
    "train": 1450,
    "val": 253,
    "test": 984
  }
}