{
  "load_graphs_sec": 4.434709787368774,
  "gram_sec": 1.9568724632263184,
  "fit_sec": 0.2783229351043701,
  "total_sec": 7.651336431503296
}