{
  "model": "svr",
  "best_params": {
    "C": 1.0,
    "epsilon": 0.05
  },
  "val_scores_grid_mse": {
    "C=0.1,eps=0.001": 0.00700115713865304,
    "C=0.1,eps=0.01": 0.0070470852272557965,
    "C=0.1,eps=0.05": 0.006695935906029468,
    "C=1,eps=0.001": 0.007040136225677692,
    "C=1,eps=0.01": 0.00706533413381621,
    "C=1,eps=0.05": 0.00664744973655039,
    "C=10,eps=0.001": 0.007022511713106908,
    "C=10,eps=0.01": 0.007073273296044339,
    "C=10,eps=0.05": 0.0066521874474694985,
    "C=100,eps=0.001": 0.0070187053801162224,
    "C=100,eps=0.01": 0.007077206519884926,
    "C=100,eps=0.05": 0.0066481508813513055
  },
  "val_mse": 0.00664744973655039,
  "val_mae": 0.05326229848578838,
  "val_r2": 0.09091800905999636,
  "test_mse": 0.0016664772530340635,
  "test_mae": 0.03258302658865442,
  "test_r2": -0.04012150410907611,
  "sizes": {
    "train": 1450,
    "val": 253,
    "test": 984
  }
}