{
  "load_graphs_sec": 3.9380722045898438,
  "gram_sec": 26.567864179611206,
  "fit_sec": 0.9516482353210449,
  "total_sec": 32.44529891014099
}