{
  "model": "mean",
  "best_params": {
    "ybar_train": 0.012467458831398995
  },
  "val_mse": 0.007332171172451073,
  "val_mae": 0.055642242551207595,
  "val_r2": -0.002722131771205838,
  "test_mse": 0.001608804583586176,
  "test_mae": 0.030679185361383463,
  "test_r2": -0.004125436553641393,
  "sizes": {
    "train": 1450,
    "val": 253,
    "test": 984
  }
}