{
  "model": "svr",
  "best_params": {
    "C": 10.0,
    "epsilon": 0.01
  },
  "val_scores_grid_mse": {
    "C=0.1,eps=0.001": 0.007145648721880327,
    "C=0.1,eps=0.01": 0.007013965632178139,
    "C=0.1,eps=0.05": 0.006907323844763731,
    "C=1,eps=0.001": 0.006726878585625028,
    "C=1,eps=0.01": 0.006485599666630544,
    "C=1,eps=0.05": 0.006610211147623829,
    "C=10,eps=0.001": 0.006385806883514654,
    "C=10,eps=0.01": 0.0063103135032644975,
    "C=10,eps=0.05": 0.006621446899204001,
    "C=100,eps=0.001": 0.006385806883515112,
    "C=100,eps=0.01": 0.0063103135032644975,
    "C=100,eps=0.05": 0.006621446899204001
  },
  "val_mse": 0.0063103135032644975,
  "val_mae": 0.049659358867849536,
  "val_r2": 0.13702361110570616,
  "test_mse": 0.001515916161623166,
  "test_mae": 0.030023740696891635,
  "test_r2": 0.05385035867509702,
  "sizes": {
    "train": 1450,
    "val": 253,
    "test": 984
  }
}