{
  "load_graphs_sec": 5.958157539367676,
  "gram_sec": 2.5288825035095215,
  "fit_sec": 0.28699469566345215,
  "total_sec": 9.72752857208252
}